{
    "name": "louise",
    "vendorId": "0x6A6A",
    "productId": "0xD134",
    "lighting": "qmk_rgblight",
    "matrix": {
        "rows": 6,
        "cols": 20
    },
    "layouts": {
        "labels": [
            "Split BS",
            "Split LShift",
            "RightSpace 1U/2.25U/1U",
            "Split Plus",
            "Split Enter",
            "Split Zero"
        ],
        "keymap": [
            [
                {
                    "x": 20.4
                },
                "1,17\n\n\n0,1",
                "1,18\n\n\n0,1"
            ],
            [
                {
                    "y": 0.77,
                    "x": 1.75
                },
                "0,0",
                "0,1",
                "0,2",
                "0,3",
                {
                    "x": 0.25,
                    "c": "#777777"
                },
                "0,4",
                {
                    "x": 0.75,
                    "c": "#cccccc"
                },
                "0,5",
                "0,6",
                "0,7",
                "0,8",
                {
                    "x": 5.25
                },
                "0,13",
                "0,14",
                "0,15",
                "0,16",
                {
                    "x": 0.3999999999999986
                },
                "0,18",
                {
                    "x": 0.8500000000000014
                },
                "0,19"
            ],
            [
                {
                    "y": 0.18000000000000016,
                    "x": 8.75
                },
                "1,6",
                {
                    "x": 8.649999999999999
                },
                "1,15"
            ],
            [
                {
                    "y": -0.9500000000000002,
                    "x": 1.75
                },
                "1,0",
                "1,1",
                "1,2",
                "1,3",
                {
                    "x": 1
                },
                "1,4",
                "1,5",
                {
                    "x": 10.649999999999999
                },
                "1,16",
                {
                    "c": "#aaaaaa",
                    "w": 2
                },
                "1,18\n\n\n0,0",
                {
                    "x": 0.8500000000000014,
                    "c": "#cccccc"
                },
                "1,19"
            ],
            [
                {
                    "x": 0.5
                },
                "2,0\n\n\n3,1",
                {
                    "x": 0.25,
                    "c": "#777777",
                    "h": 2
                },
                "2,0\n\n\n3,0",
                {
                    "c": "#cccccc"
                },
                "2,1",
                "2,2",
                "2,3",
                {
                    "x": 0.75,
                    "c": "#aaaaaa",
                    "w": 1.5
                },
                "2,4",
                {
                    "c": "#cccccc"
                },
                "2,6",
                {
                    "x": 10.25
                },
                "2,16",
                "2,17",
                {
                    "w": 1.5
                },
                "2,18",
                {
                    "x": 0.5
                },
                "2,19"
            ],
            [
                {
                    "x": 0.5
                },
                "3,0\n\n\n3,1",
                {
                    "x": 1.25
                },
                "3,1",
                "3,2",
                "3,3",
                {
                    "x": 0.5,
                    "c": "#aaaaaa",
                    "w": 1.75
                },
                "3,4",
                {
                    "c": "#cccccc"
                },
                "3,6",
                {
                    "x": 9.649999999999999
                },
                "3,15",
                "3,16",
                {
                    "c": "#777777",
                    "w": 2.25
                },
                "3,18",
                {
                    "x": 0.3500000000000014,
                    "c": "#cccccc"
                },
                "3,19"
            ],
            [
                {
                    "x": 0.5
                },
                "4,0\n\n\n4,1",
                {
                    "x": 0.25,
                    "c": "#777777",
                    "h": 2
                },
                "4,0\n\n\n4,0",
                {
                    "c": "#cccccc"
                },
                "4,1",
                "4,2",
                "4,3",
                {
                    "x": 0.25,
                    "c": "#aaaaaa",
                    "w": 2.25
                },
                "4,4\n\n\n1,0",
                {
                    "c": "#cccccc"
                },
                "4,6",
                {
                    "x": 9.100000000000001
                },
                "4,15",
                "4,16",
                {
                    "c": "#aaaaaa",
                    "w": 1.75
                },
                "4,17"
            ],
            [
                {
                    "y": -0.75,
                    "x": 22.25,
                    "c": "#777777"
                },
                "4,18"
            ],
            [
                {
                    "y": -0.25,
                    "x": 0.5,
                    "c": "#cccccc"
                },
                "5,0\n\n\n4,1",
                {
                    "x": 1.25
                },
                "5,1",
                {
                    "c": "#777777",
                    "w": 2
                },
                "5,3\n\n\n5,0",
                {
                    "x": 0.25,
                    "c": "#aaaaaa",
                    "w": 1.5
                },
                "5,4",
                {
                    "w": 1.25
                },
                "5,5",
                {
                    "x": 10.850000000000001,
                    "w": 1.5
                },
                "5,16"
            ],
            [
                {
                    "y": -0.75,
                    "x": 21.25,
                    "c": "#777777"
                },
                "5,17",
                {
                    "x": 1
                },
                "5,19"
            ],
            [
                {
                    "y": -0.25,
                    "x": 10.55,
                    "c": "#cccccc",
                    "w": 2
                },
                "5,7",
                {
                    "x": 0.049999999999998934,
                    "c": "#aaaaaa",
                    "w": 1.25
                },
                "5,10",
                {
                    "x": 0.6500000000000004,
                    "c": "#cccccc",
                    "w": 2.75
                },
                "5,13\n\n\n2,0"
            ],
            [
                {
                    "y": -0.9000000000000004,
                    "x": 17.3,
                    "c": "#aaaaaa",
                    "w": 1.5
                },
                "5,14\n\n\n2,0"
            ],
            [
                {
                    "y": -0.9499999999999993,
                    "x": 3.75,
                    "c": "#cccccc"
                },